昵称,url,评分
珞清殇,https://blog.csdn.net/qq_44992559,5
辰兮要努力,https://blog.csdn.net/weixin_45393094,5
张艳伟-Laura,https://blog.csdn.net/Laura__zhang,5
xdhe1216,https://blog.csdn.net/u011447962,5
NEFU AB-IN,https://blog.csdn.net/qq_45859188,5
David凉宸,https://blog.csdn.net/blue_698,5
m0_227,https://blog.csdn.net/m0_63224330,5
勇敢牛牛@,https://blog.csdn.net/qq_46497842,5
richest_qi,https://blog.csdn.net/qzw752890913,5
hanne_lovegood,https://blog.csdn.net/hanne_lovegood,5
凡尘向天,https://blog.csdn.net/qq_41791303,5
_WILLPOWER_,https://blog.csdn.net/qq_37429313,5
我是Superman丶,https://blog.csdn.net/G971005287W,5
一拳Marx,https://blog.csdn.net/liuyiming2019,5
PGzxc,https://blog.csdn.net/Calvin_zhou,5
让开，我要吃人了,https://blog.csdn.net/weixin_55362248,5
Forever_wj,https://blog.csdn.net/Forever_wj,5
say8129,https://blog.csdn.net/weixin_42170236,5
我又何必慨叹,https://blog.csdn.net/qq_23958061,5
南城以南1,https://blog.csdn.net/qq_36242554,5
qq_42775992,https://blog.csdn.net/qq_42775992,5
code袁,https://blog.csdn.net/qq_48164590,5
颖火虫-IT赵云,https://blog.csdn.net/q1246192888,5
娜娜桑000,https://blog.csdn.net/weixin_37544416,5
全菜工程师462,https://blog.csdn.net/nayixiashuidao,5
Yan_Ting_Yan,https://blog.csdn.net/Yan_Ting_Yan,5
慕木兮人可,https://blog.csdn.net/qq_38616503,5
weixin_41060809,https://blog.csdn.net/weixin_41060809,5
zjlspweb,https://blog.csdn.net/qq_31111285,5
weirdo_world,https://blog.csdn.net/weirdo_world,5
车家大少爷,https://blog.csdn.net/qq_39816586,5
bay0net,https://blog.csdn.net/m0_51313985,5
艺博东,https://blog.csdn.net/hyd696,5
学无止步_穷其一生,https://blog.csdn.net/qq_40756113,5
鑫宇_,https://blog.csdn.net/slyzlh,5
_小郑有点困了,https://blog.csdn.net/qq_44706619,5
Benjamincsdn,https://blog.csdn.net/qq_25305833,5
咖啡壶子,https://blog.csdn.net/troyesivanlp,5
永远的小黑,https://blog.csdn.net/asasa666,5
xybDIY,https://blog.csdn.net/qq_45392321,5
恬静的小魔龙,https://blog.csdn.net/q764424567,5
辛蚤僮迂,https://blog.csdn.net/weixin_47716438,5
大数据学习僧,https://blog.csdn.net/yu7888,5
慢慢的燃烧,https://blog.csdn.net/u010164190,5
我是一棵卷心菜,https://blog.csdn.net/weixin_59654772,5
micklongen,https://blog.csdn.net/micklongen,5
心升明月,https://blog.csdn.net/weixin_43821559,5
程序媛乔小乔,https://blog.csdn.net/weixin_44790641,5
生命如歌，代码如诗,https://blog.csdn.net/ma950924,5
空中旋转篮球,https://blog.csdn.net/soderayer,5
Re:从零开始的代码生活,https://blog.csdn.net/fjdep,5
C,https://blog.csdn.net/weixin_45242865,5
94甘蓝,https://blog.csdn.net/u012383839,5
寂静花开,https://blog.csdn.net/qq_45884783,5
倾云鹤,https://blog.csdn.net/qq_38779672,5
CrazyApes,https://blog.csdn.net/CrazyApes,5
白墨石,https://blog.csdn.net/u011262253,5
双龙路潇洒哥,https://blog.csdn.net/Cristiano2000,5
牧码文,https://blog.csdn.net/weixin_46429290,5
代码骑士,https://blog.csdn.net/qq_51701007,5
alice--小文子,https://blog.csdn.net/alice9999999,5
ReyZhang,https://blog.csdn.net/zhanglei5415,5
BennuCTech,https://blog.csdn.net/chzphoenix,5
魔笛Love,https://blog.csdn.net/clearlxj,5
风浪云HH,https://blog.csdn.net/hanhui22,5
Tronlong创龙,https://blog.csdn.net/Tronlong,5
HNU_刘yuan,https://blog.csdn.net/qq_40608730,5
三岁学编程,https://blog.csdn.net/weixin_45623093,5
金融小白数据分析之路,https://blog.csdn.net/weixin_45631815,5
不吃鱼的cat,https://blog.csdn.net/m0_37606374,5
Fu_Lin_,https://blog.csdn.net/CLinuxF,5
三颗草丶,https://blog.csdn.net/icanflyingg,5
-Wo wo.,https://blog.csdn.net/u012011079,5
ProYuan28,https://blog.csdn.net/u012478275,5
kleinBlue.,https://blog.csdn.net/qq_43299703,5
你别皱眉Chen,https://blog.csdn.net/qq_42739776,5
FOR.GET,https://blog.csdn.net/qq_44285092,5
hhh江月,https://blog.csdn.net/m0_54218263,5
寅恪光潜,https://blog.csdn.net/weixin_41896770,5
安果移不动,https://blog.csdn.net/mp624183768,5
CTFGun,https://blog.csdn.net/CTFGun,5
今晚去我家住吧,https://blog.csdn.net/weixin_42010722,5
狂野小青年,https://blog.csdn.net/meimeieee,5
CodeJiao,https://blog.csdn.net/I_r_o_n_M_a_n,5
许进进,https://blog.csdn.net/LucasXu01,5
{Yasso},https://blog.csdn.net/zxt2804567059,5
Shockang,https://blog.csdn.net/Shockang,5
考古学家lx,https://blog.csdn.net/weixin_43582101,5
心之所向521,https://blog.csdn.net/weixin_45564943,5
陶陶啊,https://blog.csdn.net/weixin_38361347,5
氢键H-H,https://blog.csdn.net/qq_32618327,5
Coming Liu,https://blog.csdn.net/roadtohacker,5
Dream of Grass,https://blog.csdn.net/dream_of_grass,5
Just_Paranoid,https://blog.csdn.net/weixin_44008788,5
嫩草终结者,https://blog.csdn.net/qq_32523587,5
工厂里懂嘻哈的产品狗,https://blog.csdn.net/weixin_45658354,5
程猿薇茑,https://blog.csdn.net/zpcandzhj,5
YK菌,https://blog.csdn.net/weixin_44972008,5
萌笑天,https://blog.csdn.net/qq_38679705,5
安迪西,https://blog.csdn.net/Chuangke_Andy,5
FranzLiszt1847,https://blog.csdn.net/News53231323,5
我是混子我怕谁,https://blog.csdn.net/qq_36553707,5
一心同学,https://blog.csdn.net/huang_zx_259,5
诸神黄昏的幸存者,https://blog.csdn.net/weixin_43818631,5
喜欢编码的老胡,https://blog.csdn.net/wenaicoo,5
水花,https://blog.csdn.net/weixin_43849871,5
辉辉MITM,https://blog.csdn.net/xueyuhui1,5
Alderaan,https://blog.csdn.net/GerZhouGengCheng,5
FG.,https://blog.csdn.net/weixin_54418006,5
初学者-Study,https://blog.csdn.net/qq_38436214,5
可口也可贰,https://blog.csdn.net/CS_z_jun,5
苏州程序大白,https://blog.csdn.net/weixin_46931877,5
舰长115,https://blog.csdn.net/z13615480737,5
E01010101,https://blog.csdn.net/E01010101,5
gscloud,https://blog.csdn.net/qq_58732706,5
世间万物皆对象,https://blog.csdn.net/ZTAHNG,5
穆瑾轩,https://blog.csdn.net/xiaoxianer321,5
Hi-Sunshine,https://blog.csdn.net/zmh458,5
シL~,https://blog.csdn.net/weixin_39168541,5
白曦（Bessie）,https://blog.csdn.net/weixin_42198265,5
侬本多情。,https://blog.csdn.net/weixin_44692890,5
我先测了,https://blog.csdn.net/u011466469,5
Yilia-Feng,https://blog.csdn.net/canshegui2293,5
嵌入式历练者,https://blog.csdn.net/Eterlove,5
Dream丶Killer,https://blog.csdn.net/qq_43965708,5
攻城狮杰森,https://blog.csdn.net/m0_51269961,5
开始King,https://blog.csdn.net/m0_52118763,5
晚风(●σ ),https://blog.csdn.net/qq_43085848,5
三水草肃,https://blog.csdn.net/weixin_43405946,5
馋学习的身子,https://blog.csdn.net/qq_38048756,5
逃离地狱的恶魔,https://blog.csdn.net/qq_43636199,5
江道文,https://blog.csdn.net/weixin_55992597,5
雷学委,https://blog.csdn.net/geeklevin,5
irrationality,https://blog.csdn.net/weixin_54227557,5
柠檬树上柠檬果柠檬树下你和我,https://blog.csdn.net/qq_39765048,5
清水迎朝阳,https://blog.csdn.net/shuilan0066,5
淡淡的香烟,https://blog.csdn.net/u012556114,5
落寞的~丶,https://blog.csdn.net/Aluxian_,5
旋转小马,https://blog.csdn.net/u014543416,5
hoaxxcj,https://blog.csdn.net/hoaxxcj,5
auspicious航,https://blog.csdn.net/Auspicious_air,5
Chauncey_Wang,https://blog.csdn.net/weixin_39518984,5
狂野小白兔,https://blog.csdn.net/qq_40572023,5
Not Today!,https://blog.csdn.net/NOT_TODAY1,5
大囚长,https://blog.csdn.net/Jailman,5
niaonao,https://blog.csdn.net/niaonao,5
扮作大侠,https://blog.csdn.net/Ecoboy_zhang,5
小雷(><）,https://blog.csdn.net/m0_46843484,5
kali_yao,https://blog.csdn.net/kali_yao,5
汽车电子助手,https://blog.csdn.net/qfmzhu,5
Genmer,https://blog.csdn.net/Genmer,5
码薯,https://blog.csdn.net/weixin_52588857,5
99LAN,https://blog.csdn.net/m0_56017939,5
Hello World呀,https://blog.csdn.net/weixin_45397785,5
加班猿,https://blog.csdn.net/m0_37824357,5
ftzchina,https://blog.csdn.net/qq_27071221,5
一只楠喃,https://blog.csdn.net/weixin_48143996,5
yang_z_1,https://blog.csdn.net/yang_z_1,5
一头小山猪,https://blog.csdn.net/u012039040,5
三掌柜666,https://blog.csdn.net/CC1991_,5
Gorit,https://blog.csdn.net/caidewei121,5
HQChart,https://blog.csdn.net/jones2000,5
huidaoli,https://blog.csdn.net/huidaoli,5
小刘鸭！,https://blog.csdn.net/weixin_44056948,5
冰激凌啊,https://blog.csdn.net/gyxx1998,5
诺谦,https://blog.csdn.net/qq_37997682,5
浪子吴天,https://blog.csdn.net/carefree2005,5
1风天云月,https://blog.csdn.net/le616616,5
技术人Howzit,https://blog.csdn.net/c_he_n,5
谁吃薄荷糖,https://blog.csdn.net/zcc1229936385,5
Oliver尹,https://blog.csdn.net/zy21131437,5
小辉_Super,https://blog.csdn.net/weixin_43772810,5
香山上的麻雀1008,https://blog.csdn.net/qq_26502245,5
听 风、,https://blog.csdn.net/wenyuanbo,5
数据Java,https://blog.csdn.net/qq_43310845,5
Maynor学长,https://blog.csdn.net/xianyu120,5
王小王和他的小伙伴,https://blog.csdn.net/weixin_55042716,5
autofelix,https://blog.csdn.net/weixin_41635750,5
随缘清风殇,https://blog.csdn.net/qq_27924553,5
前端页面仔,https://blog.csdn.net/zxl1990_ok,5
我是波哩个波,https://blog.csdn.net/ligonglanyuan,5
解梦者,https://blog.csdn.net/m0_37741420,5
前端卡卡西呀,https://blog.csdn.net/RedaTao,5
Passerby_Wang,https://blog.csdn.net/passerby_wang,5
/*守护她的笑容,https://blog.csdn.net/cuichongxin,5
羌俊恩,https://blog.csdn.net/ximenjianxue,5
肖永威,https://blog.csdn.net/xiaoyw,5
修成真,https://blog.csdn.net/qq_51447215,5
缘来侍你,https://blog.csdn.net/weixin_44052462,5
崇尚学技术的科班人,https://blog.csdn.net/weixin_56727438,5
ㄣ知冷★,https://blog.csdn.net/weixin_42475060,5
墨理学AI,https://blog.csdn.net/sinat_28442665,5
Officetouch,https://blog.csdn.net/weixin_42341655,5
喜欢吃绝味鸭脖,https://blog.csdn.net/qq_42658739,5
钟兴宇,https://blog.csdn.net/weixin_43744732,5
BoBo yeah,https://blog.csdn.net/gezongbo,5
Neutionwei,https://blog.csdn.net/Neutionwei,5
super码力,https://blog.csdn.net/m0_61843874,5
jojo付啾啾,https://blog.csdn.net/DreamFJ,5
熊猫大哥大,https://blog.csdn.net/woshisangsang,5
白雪冬,https://blog.csdn.net/weixin_45191386,5
saynaihe,https://blog.csdn.net/saynaihe,5
Leung_ManWah,https://blog.csdn.net/qq_36347513,5
AAKKKKK_0,https://blog.csdn.net/m0_49955137,5
IT人.阿标,https://blog.csdn.net/huangbiao86,5
老张在线敲代码,https://blog.csdn.net/qq_47272950,5
此星光明,https://blog.csdn.net/qq_31988139,5
清风笑55188,https://blog.csdn.net/hezhenfei8,5
?@sea,https://blog.csdn.net/weixin_47115212,5
Faith_xzc,https://blog.csdn.net/weixin_44480968,5
YY2065,https://blog.csdn.net/YY2065,5
段智华,https://blog.csdn.net/duan_zhihua,5
张一西,https://blog.csdn.net/qq_34430371,5
user_from_future,https://blog.csdn.net/user_from_future,5
抖音 快手,https://blog.csdn.net/m0_37965769,5
行码阁119,https://blog.csdn.net/qq_40214464,5
Tan.]der,https://blog.csdn.net/weixin_45265547,5
智者知已应修善业,https://blog.csdn.net/xianfajushi,5
学成七步,https://blog.csdn.net/weixin_46900108,5
看，未来,https://blog.csdn.net/qq_43762191,5
张维鹏,https://blog.csdn.net/a745233700,5
微笑小星,https://blog.csdn.net/tianjuewudi,5
Moresweet猫甜,https://blog.csdn.net/qq_38853759,5
爱上游戏开发,https://blog.csdn.net/shirln,5
jianqiang.xue,https://blog.csdn.net/qq_29246181,5
Prosper Lee,https://blog.csdn.net/weixin_43526371,5
MelodyYN,https://blog.csdn.net/qq_36593748,5
铁锤妹妹@,https://blog.csdn.net/weixin_45811256,5
汪泽文666,https://blog.csdn.net/qq_60387497,5
CHNMSCS,https://blog.csdn.net/BSCHN123,5
核聚变,https://blog.csdn.net/Do_uloveme,5
yunchong_zhao,https://blog.csdn.net/yunchong_zhao,5
我是来写bug的吧,https://blog.csdn.net/qq_55547532,5
Eternity_GQM,https://blog.csdn.net/eternity_memory,5
小雨青年,https://blog.csdn.net/diandianxiyu,5
T&King,https://blog.csdn.net/tangkcc,5
英特尔边缘计算社区,https://blog.csdn.net/gc5r8w07u,5
张音乐,https://blog.csdn.net/qq_29777207,5
生命是有光的,https://blog.csdn.net/Augenstern_QXL,5
_xwj.,https://blog.csdn.net/m0_51506743,5
叶绿体不忘呼吸,https://blog.csdn.net/m0_46653805,5
振华OPPO,https://blog.csdn.net/qq_42257666,5
Hann Yang,https://blog.csdn.net/boysoft2002,5
Etaon,https://blog.csdn.net/weixin_43394724,5
AI浩,https://blog.csdn.net/hhhhhhhhhhwwwwwwwwww,5
ReCclay,https://blog.csdn.net/ReCclay,5
柳鲲鹏,https://blog.csdn.net/quantum7,5
你脸上有BUG,https://blog.csdn.net/qq_29493173,5
布小禅,https://blog.csdn.net/m0_52883898,5
奔走的王木木Sir,https://blog.csdn.net/qq_43585922,5
Hardworking666,https://blog.csdn.net/Hardworking666,5
互联网-小阿宇,https://blog.csdn.net/weixin_46152207,5
划水～摸鱼～,https://blog.csdn.net/weixin_45804031,5
Michael阿明,https://blog.csdn.net/qq_21201267,5
Engineer-Bruce_Yang,https://blog.csdn.net/morixinguan,5
zsk_john,https://blog.csdn.net/alwaysbefine,5
乔乔家的龙女仆,https://blog.csdn.net/qq_61500888,5
幻影龙王,https://blog.csdn.net/weixin_53533439,5
heart_6662,https://blog.csdn.net/qq_62932195,5
孤寒者,https://blog.csdn.net/qq_44907926,5
流年若逝,https://blog.csdn.net/wyf2017,5
鬼手56,https://blog.csdn.net/qq_38474570,5
可可卷,https://blog.csdn.net/weixin_45825073,5
Dr Hydra,https://blog.csdn.net/Trunks2009,5
红目香薰,https://blog.csdn.net/feng8403000,5
执久呀,https://blog.csdn.net/weixin_60719453,5
转角遇到要饭的,https://blog.csdn.net/weixin_54931703,5
沉睡中的主角,https://blog.csdn.net/ggj0727,5
忧伤额蜗牛,https://blog.csdn.net/qq_25749749,5
失去斗志的菜鸟,https://blog.csdn.net/qq_40421671,5
树下水月,https://blog.csdn.net/u013416034,5
奋斗企鹅CopperSun,https://blog.csdn.net/qq_27788177,5
miss you ya,https://blog.csdn.net/m0_61350160,5
JackierChan,https://blog.csdn.net/qq_41239465,5
硕子鸽,https://blog.csdn.net/weixin_43941364,5
轩辕龙儿,https://blog.csdn.net/huangge1199,5
自由追光者,https://blog.csdn.net/zhouming5,5
偶入编程深似海,https://blog.csdn.net/qq_21438267,5
清雨小竹,https://blog.csdn.net/zzzili,5
Violent-Ayang,https://blog.csdn.net/l6666688888,5
Ariliya,https://blog.csdn.net/Beatleschasemoon,2
一只小熊猫呀,https://blog.csdn.net/GXL_1012,5
Channing Lewis,https://blog.csdn.net/lycwhu,5
comedate,https://blog.csdn.net/comedate,5
无与伦比的傻,https://blog.csdn.net/qq_32566003,5
今夜画船何处,https://blog.csdn.net/qq_47499256,5
游戈程序员,https://blog.csdn.net/jiangxiayouyu,5
我是高手高手高高手,https://blog.csdn.net/haibo0668,5
戒烟失败的老可爱,https://blog.csdn.net/qq_40749255,5
华无丽言,https://blog.csdn.net/Do_LaLi,5
低调说,https://blog.csdn.net/hans99812345,5
忧郁奔向冷的天,https://blog.csdn.net/qq_37083038,5
咩哥无敌,https://blog.csdn.net/qq_35597828,5
奔跑滴小羊,https://blog.csdn.net/lwz622,5
水巷石子,https://blog.csdn.net/qq_37924905,5
Add小兵,https://blog.csdn.net/weixin_51250404,5
空山新雨后~,https://blog.csdn.net/ww166955,5
无敌小田田,https://blog.csdn.net/qq_36602951,5
Hemz,https://blog.csdn.net/miaomiaoamlp,5
莫若心,https://blog.csdn.net/weixin_55639266,5
鱼罐头很好吃呀,https://blog.csdn.net/weixin_45766180,5
onc-virn,https://blog.csdn.net/qq_32682301,5
_勇,https://blog.csdn.net/eidolon_foot,5
五条Programmer,https://blog.csdn.net/qq_42874315,5
IT邦德,https://blog.csdn.net/weixin_41645135,5
Solitudefire,https://blog.csdn.net/qq_57563254,5
梦幻之光_dream,https://blog.csdn.net/william_fang,5
jiankang66,https://blog.csdn.net/jiankang66,5
DUANDAUNNN,https://blog.csdn.net/duanduann,5
梦幻精灵_cq,https://blog.csdn.net/m0_57158496,5
小黄人的哆啦a梦,https://blog.csdn.net/weixin_52626164,5
一个生活在底层的小小码农,https://blog.csdn.net/ddd295569371,5
L.Bubu,https://blog.csdn.net/weixin_51621643,5
SuperArc1999,https://blog.csdn.net/SuperArc1999,5
来条华子,https://blog.csdn.net/PangQinghua,5
菜鸟的汗,https://blog.csdn.net/weixin_46168811,5
彭彭,https://blog.csdn.net/weixin_51867455,5
CS@zeny,https://blog.csdn.net/honorzoey,5
阿君丶,https://blog.csdn.net/qq_44165157,5
门前塘,https://blog.csdn.net/qq_28077617,5
雷名富,https://blog.csdn.net/weixin_64852326,5
程序猿秃头之路,https://blog.csdn.net/zhang33565417,5
啊qie！,https://blog.csdn.net/qq_49306008,5
哈哈怪先生,https://blog.csdn.net/qq_46517733,5
Lansonli,https://blog.csdn.net/xiaoweite1,5
zhaozhenyu123,https://blog.csdn.net/zhaozhenyu123,5
魏无羡,https://blog.csdn.net/weixin_40822616,5
李金轩,https://blog.csdn.net/weixin_37081112,5
千歌叹尽执夏,https://blog.csdn.net/weixin_46423500,5
java-zh,https://blog.csdn.net/qq_36138652,5
怪&,https://blog.csdn.net/qq_21471309,5
alun550,https://blog.csdn.net/alun550,5
小爱玄策,https://blog.csdn.net/initiallht,5
郭梧悠,https://blog.csdn.net/chunqiuwei,5
Quare_feifei,https://blog.csdn.net/m0_49374492,5
Edward-Phoenix,https://blog.csdn.net/qq_25601345,5
奔跑的蜗牛...,https://blog.csdn.net/xiaomengxin521,5
小5聊,https://blog.csdn.net/lmy_520,5
天龙至尊,https://blog.csdn.net/wtl1992,5
香博士,https://blog.csdn.net/weixin_42535423,5
菜程序,https://blog.csdn.net/weixin_45032080,5
点云侠,https://blog.csdn.net/qq_36686437,5
辰远YIL,https://blog.csdn.net/qq_55917018,5
程序员一灯,https://blog.csdn.net/zhou9898,5
血莲丹,https://blog.csdn.net/weixin_44061521,5
高某某。。,https://blog.csdn.net/m0_49708063,5
_慎,https://blog.csdn.net/qq_35661856,5
物随心转,https://blog.csdn.net/sinat_31608641,5
B_White1024,https://blog.csdn.net/qq_43143724,5
谦虚斯帕克(ω),https://blog.csdn.net/weixin_63938270,5
hhf的博客,https://blog.csdn.net/weixin_46818541,5
sf9090,https://blog.csdn.net/sf9090,5
易小顺,https://blog.csdn.net/MTYSYS19990212,5
lu-yanting,https://blog.csdn.net/weixin_49984044,5
香菜聊游戏,https://blog.csdn.net/perfect2011,5
zhz小白,https://blog.csdn.net/zhouhengzhe,5
小小张自由―>张有博,https://blog.csdn.net/promsing,5
小狐狸梦想去童话镇,https://blog.csdn.net/gets_s,5
Lucifer三思而后行,https://blog.csdn.net/m0_50546016,5
haust_允谦,https://blog.csdn.net/qiangqiang103,5
秃头小苏,https://blog.csdn.net/qq_47233366,5
再遇当年,https://blog.csdn.net/qq_15204179,5
一缕82年的清风,https://blog.csdn.net/lsqingfeng,5
zhbi98,https://blog.csdn.net/jf_52001760,5
TDTX,https://blog.csdn.net/weixin_54698498,5
Y丶bs,https://blog.csdn.net/weixin_45102820,5
qq_250056868,https://blog.csdn.net/qq_41604890,5
Keep_Trying_Go,https://blog.csdn.net/Keep_Trying_Go,5
ax一号街阿楠,https://blog.csdn.net/l765692971,5
折腾的小飞,https://blog.csdn.net/qq_41666142,5
小猪大虾_码农叮咚变,https://blog.csdn.net/weixin_36977327,5
再见孙悟空_,https://blog.csdn.net/shaoyezhangliwei,5
Neo很努力,https://blog.csdn.net/qq_45193872,5
心醉瑶瑾前,https://blog.csdn.net/qq_46452300,5
浪漫攻城狮莉小妖,https://blog.csdn.net/qq_43527345,5
xuxu96,https://blog.csdn.net/weixin_43228814,5
熬了夜的程序员,https://blog.csdn.net/qq_32019341,5
小璇123,https://blog.csdn.net/weixin_46319443,5
小星向上,https://blog.csdn.net/sunshinezx8023,5
Krito.,https://blog.csdn.net/qq_62959684,5
amy520bd,https://blog.csdn.net/amy520bd,5
刘星麟,https://blog.csdn.net/liuxl57805678,5
普曼斯,https://blog.csdn.net/qq_25130083,5
何为xl,https://blog.csdn.net/weixin_43848614,5
低代码布道师,https://blog.csdn.net/u012877217,5
仰望天花板,https://blog.csdn.net/m0_56058975,5
程序员小勇,https://blog.csdn.net/weixin_43909650,5
嗑嗑磕嗑瓜子的猫,https://blog.csdn.net/ju_362204801,5
幽雨雨幽,https://blog.csdn.net/ai2000ai,5
swadian2008,https://blog.csdn.net/swadian2008,5
槿畔,https://blog.csdn.net/qq_40513881,5
ReganYue,https://blog.csdn.net/qq_36045898,5
skyline_wx,https://blog.csdn.net/WX10301075WX,5
莫逸风,https://blog.csdn.net/qq_38723677,5
别卷了啊,https://blog.csdn.net/qq_34239851,5
码奴生来只知道前进~,https://blog.csdn.net/tanqingfu1,5
‘秋歌：,https://blog.csdn.net/qq_52807660,5
JAVA道人,https://blog.csdn.net/dmw412724,5
小毕超,https://blog.csdn.net/qq_43692950,5
小鲍侃java,https://blog.csdn.net/qq_20143059,5
川川菜鸟,https://blog.csdn.net/weixin_46211269,5
从善若水,https://blog.csdn.net/qq_31985307,5
不吃西红柿丶,https://blog.csdn.net/weixin_39032019,5
vues,https://blog.csdn.net/hbwang_716,5
ONET一站,https://blog.csdn.net/ONETYIZHAN,5
cup tea,https://blog.csdn.net/m0_37148373,5
YXXYX,https://blog.csdn.net/YXXXYX,5
LANGZHIZHEN,https://blog.csdn.net/weixin_48469642,5
yuhuofei2021,https://blog.csdn.net/Crezfikbd,1
小博测试成长之路,https://blog.csdn.net/liboshi123,5
AXYZdong,https://blog.csdn.net/qq_43328313,5
私房菜,https://blog.csdn.net/jingerppp,5
工具人01,https://blog.csdn.net/hellfu,5
summer・,https://blog.csdn.net/weixin_45774485,5
写Bug的渣渣高,https://blog.csdn.net/m0_52410356,5
IT无知君,https://blog.csdn.net/weixin_44259720,5
韩旭在努力鸭,https://blog.csdn.net/clli_Chain,5
1594231563,https://blog.csdn.net/qq_16186465,5
友人苏,https://blog.csdn.net/qq_53060585,5
XingleiGao,https://blog.csdn.net/qq_17593855,5
未见花闻,https://blog.csdn.net/m0_59139260,5
Lifelmy,https://blog.csdn.net/u012948302,5
韩曙亮,https://blog.csdn.net/han1202012,5
Wise man,https://blog.csdn.net/weixin_43866089,5
H_Cisco,https://blog.csdn.net/hdq1745,5
赵广陆,https://blog.csdn.net/ZGL_cyy,5
礁之,https://blog.csdn.net/rzy1248873545,5
该用户还未想到好的昵称,https://blog.csdn.net/weixin_39766005,5
蓝颜梓涵,https://blog.csdn.net/qq_37895419,5
静Yu,https://blog.csdn.net/qq_46285118,5
diviner_s,https://blog.csdn.net/diviner_s,5
漠效,https://blog.csdn.net/GX_1_11_real,5
Git-Cupido,https://blog.csdn.net/cupid3516501,5
海拥,https://blog.csdn.net/qq_44273429,5
Coding到灯火阑珊,https://blog.csdn.net/lonewolf79218,5
人形bug制造机9527,https://blog.csdn.net/m0_49194578,5
sky-stars,https://blog.csdn.net/qq_51917985,5
罅隙`,https://blog.csdn.net/whc18858,5
Winter_world,https://blog.csdn.net/w464960660,5
小澜ovo,https://blog.csdn.net/yuan2019035055,5
未央吖,https://blog.csdn.net/weixin_58183566,5
曲鸟,https://blog.csdn.net/momoda118,5
前端picker,https://blog.csdn.net/shangyanaf,5
泽C,https://blog.csdn.net/weixin_52632755,5
二当家的白帽子,https://blog.csdn.net/leyi520,5
acwing,https://blog.csdn.net/acwing,5
3分钟秒懂大数据,https://blog.csdn.net/weixin_38201936,5
托马斯-酷涛,https://blog.csdn.net/m0_54925305,5
小小明-代码实体,https://blog.csdn.net/as604049322,5
梦想橡皮擦,https://blog.csdn.net/hihell,5
白大锅,https://blog.csdn.net/weixin_45735355,5
英雄哪里出来,https://blog.csdn.net/WhereIsHeroFrom,5
_陈哈哈,https://blog.csdn.net/qq_39390545,5
程序员springmeng,https://blog.csdn.net/mengchuan6666,5
盼小辉丶,https://blog.csdn.net/LOVEmy134611,5
哪 吒,https://blog.csdn.net/guorui_java,5
花卜少,https://blog.csdn.net/qq_45066628,5
飞向星的客机,https://blog.csdn.net/m0_63325890,5
Java执梗,https://blog.csdn.net/m0_57487901,5
孟秋与你,https://blog.csdn.net/qq_36268103,5
「已注销」,https://blog.csdn.net/weixin_47818489,5
Jeremy_Lee123,https://blog.csdn.net/lixinkuan328,5
Li-Yongjun,https://blog.csdn.net/lyndon_li,5
宝山的博客,https://blog.csdn.net/weixin_42313749,1
敲代码的xiaolang,https://blog.csdn.net/weixin_52605156,1
张宜强,https://blog.csdn.net/qq_41505957,5
知心宝贝,https://blog.csdn.net/qq_53673551,5
miraitowa.cn,https://blog.csdn.net/qq_48302234,5
honvin_,https://blog.csdn.net/hon_vin,5
小新爱编程,https://blog.csdn.net/z45351,5
lucky__cc,https://blog.csdn.net/qq1437722579,5
何壹时,https://blog.csdn.net/huisoul,5
亦碎流年,https://blog.csdn.net/shenlf_bk,5
几何心凉,https://blog.csdn.net/JHXL_,5
努力的蚂蚁【你若】,https://blog.csdn.net/qq_37758497,5
奈&何.,https://blog.csdn.net/weixin_46566078,5
清安无别事,https://blog.csdn.net/weixin_52040868,5
BlizzardWu,https://blog.csdn.net/BlizzardWu,5
秃头的阿光,https://blog.csdn.net/hl961403370,5
猿力觉醒,https://blog.csdn.net/weixin_45676761,5
是一只派大鑫,https://blog.csdn.net/weixin_44572229,5
星海伴着风尘,https://blog.csdn.net/weixin_45269204,5
LL.LEBRON,https://blog.csdn.net/qq_45966440,5
jacGJ,https://blog.csdn.net/qq_42977853,5
xiaopang小白,https://blog.csdn.net/xiaopang2020,5
graceyun,https://blog.csdn.net/graceyun,5
码小春,https://blog.csdn.net/zsdzb,5
沧海一升,https://blog.csdn.net/qq_21842097,5
CoLiuRs,https://blog.csdn.net/baidu_32452525,5
温柔且上进c,https://blog.csdn.net/qq_45261963,5
Amoor123,https://blog.csdn.net/sabian2,5
Hoorus,https://blog.csdn.net/qq_52480906,5
柒间,https://blog.csdn.net/qq_43663493,5
水妖3,https://blog.csdn.net/qq_27022339,5
丶di,https://blog.csdn.net/hrd535523596,5
itas109,https://blog.csdn.net/itas109,5
一张船票,https://blog.csdn.net/XinTeng2012,5
攻城狮百里,https://blog.csdn.net/weixin_52622200,5
问北,https://blog.csdn.net/ibigboy,5
三分苦,https://blog.csdn.net/bit_zyx,5
雨云21,https://blog.csdn.net/hyh17808770899,5
man_one,https://blog.csdn.net/weixin_56462645,5
小百菜,https://blog.csdn.net/u014644574,5
phil__naiping,https://blog.csdn.net/qq_43363657,5
北_尘,https://blog.csdn.net/qq_21299835,5
zpeien,https://blog.csdn.net/qq_44920726,5
凌星An,https://blog.csdn.net/weixin_43519514,5
Echo flower,https://blog.csdn.net/qq_36120342,5
小哥骑单车,https://blog.csdn.net/lejustdoit,5
之诚,https://blog.csdn.net/leisurelen,5
砖业手艺混子,https://blog.csdn.net/weixin_58428216,5
yiyufxst,https://blog.csdn.net/pop1586082213,5
daqinzl,https://blog.csdn.net/daqinzl,5
Vメ,https://blog.csdn.net/a1397852386,5
HairLossException,https://blog.csdn.net/m0_60117382,5
vegetablesssss,https://blog.csdn.net/bureau123,5
ZzzWClock,https://blog.csdn.net/weixin_43356354,5
彤彤的小跟班,https://blog.csdn.net/weixin_45583303,5
程序猿   Simba,https://blog.csdn.net/m0_61729112,5
乱世刀疤,https://blog.csdn.net/daobaqin,5
鱼北~,https://blog.csdn.net/weixin_47657328,5
星 ~ 程 @,https://blog.csdn.net/m0_59133441,5
雪817,https://blog.csdn.net/weixin_65945202,5
G_whang,https://blog.csdn.net/G_whang,5
Fly upward,https://blog.csdn.net/m0_60494863,5
宁在春,https://blog.csdn.net/weixin_45821811,5
人生不过于_躺,https://blog.csdn.net/qq_37534947,5
冯旭_Android,https://blog.csdn.net/weixin_40611659,5
小郑在coding,https://blog.csdn.net/weixin_44695700,5
要一颗不甜的糖,https://blog.csdn.net/wzy992981933,5
kllo__,https://blog.csdn.net/kllo__,5
一名专心编程的小白,https://blog.csdn.net/My_projects,5
@一路桐行,https://blog.csdn.net/spongebob_shouse,5
倏然希然_,https://blog.csdn.net/June_Xixi,5
qq_40415367,https://blog.csdn.net/qq_40415367,5
No8g攻城狮,https://blog.csdn.net/weixin_44299027,5
LYH--宇航,https://blog.csdn.net/weixin_44459831,5
IT1995,https://blog.csdn.net/qq78442761,5
该用户快成仙了,https://blog.csdn.net/weixin_60707895,5
小雁子学Python,https://blog.csdn.net/weixin_43649691,5
加油吧，小杜,https://blog.csdn.net/weixin_43676892,5
尔嵘,https://blog.csdn.net/XU441520,5
Geek Li,https://blog.csdn.net/weixin_43496491,5
坚持与努力,https://blog.csdn.net/a984171281,5
墨1024,https://blog.csdn.net/leacock1991,5
@了凡,https://blog.csdn.net/weixin_45765795,5
夏志121,https://blog.csdn.net/m0_61961937,5
Admini$trat0r,https://blog.csdn.net/qq_41863100,5
nepu_G,https://blog.csdn.net/qq_50271250,5
虾滑桦虾,https://blog.csdn.net/qq_54587141,5
shuair,https://blog.csdn.net/shuair,5
Roninaxious,https://blog.csdn.net/Kevinnsm,5
Nicole,https://blog.csdn.net/m0_59487648,5
百羽,https://blog.csdn.net/RoyRaoHR,5
csdn565973850,https://blog.csdn.net/csdn565973850,5
嘿，鱼骨头^O^,https://blog.csdn.net/qq_50313418,5
孤岛,https://blog.csdn.net/m0_50057257,5
码拉松,https://blog.csdn.net/CSDN_WYL2016,5
二饭,https://blog.csdn.net/Stand_Fast,5
极梦网络无忧jmwl51,https://blog.csdn.net/wangzhae,5
起名伤脑,https://blog.csdn.net/qq_45116737,5
weixin_65934569,https://blog.csdn.net/weixin_65934569,5
云原生运维,https://blog.csdn.net/xcndafad,5
xzlAwin,https://blog.csdn.net/xzlAwin,5
香风智乃哈~,https://blog.csdn.net/zhinaijiangya,5
前端江太公,https://blog.csdn.net/ZiChen_Jiang,5
终成一个大象,https://blog.csdn.net/Martin_chen2,5
猎码士,https://blog.csdn.net/qq_39115469,5
weixin_65934019,https://blog.csdn.net/weixin_65934019,5
跳动的bit,https://blog.csdn.net/wh128341,5
灵子387,https://blog.csdn.net/weixin_65933897,5
狮子座的男孩,https://blog.csdn.net/weixin_43405300,5
学编程的Xm,https://blog.csdn.net/weixin_46309592,5
weixin_55992692,https://blog.csdn.net/weixin_55992692,5
章志337,https://blog.csdn.net/weixin_55992745,5
zy010101,https://blog.csdn.net/zy010101,5
Cym02,https://blog.csdn.net/gym02,5
雷猴江先生,https://blog.csdn.net/weixin_63426251,5
ying明白,https://blog.csdn.net/weixin_59179225,5
αβγθ,https://blog.csdn.net/weixin_38022166,5
春雨907,https://blog.csdn.net/weixin_65933124,5
吴国胜670,https://blog.csdn.net/weixin_59211859,5
江畔398,https://blog.csdn.net/weixin_65933052,5
珊珊～247,https://blog.csdn.net/weixin_65932922,5
积米妈妈,https://blog.csdn.net/weixin_65932949,5
weixin_65932938,https://blog.csdn.net/weixin_65932938,5
江407,https://blog.csdn.net/weixin_65932933,5
魏小牛476,https://blog.csdn.net/weixin_65932913,5
生产队的驴.,https://blog.csdn.net/dpc5201314,5
小成同学_,https://blog.csdn.net/weixin_53407527,5
笑不语,https://blog.csdn.net/weixin_43935907,5
YHSevenWater,https://blog.csdn.net/qq_37530429,5
静安书以沫,https://blog.csdn.net/whatname123,5
stalin_,https://blog.csdn.net/stalin_,5
剑客阿良_ALiang,https://blog.csdn.net/zhiweihongyan1,5
GokuCode,https://blog.csdn.net/weixin_44331765,5
Lelontar,https://blog.csdn.net/u011277745,5
茄子_土豆,https://blog.csdn.net/weixin_41955327,5
ySh_ppp,https://blog.csdn.net/ySh_lC,5
中世纪冻干芝士,https://blog.csdn.net/drzeno,5
花狗Fdog,https://blog.csdn.net/Fdog_,5
樱花花,https://blog.csdn.net/qq_37192571,5
Mr数据杨,https://blog.csdn.net/qq_20288327,5
隹隹隹隹隹,https://blog.csdn.net/m0_53565874,5
恒宝乐园,https://blog.csdn.net/hengbao4,5
Jack魏,https://blog.csdn.net/WeiHao0240,5
AOSIDIN,https://blog.csdn.net/AOSIDIN,5
A叶子叶,https://blog.csdn.net/yezonggang,5
程序员云锦,https://blog.csdn.net/m0_61607810,5
兴趣使然的草帽路飞,https://blog.csdn.net/weixin_43591980,5
bug菌√,https://blog.csdn.net/weixin_43970743,5
Linux猿,https://blog.csdn.net/u011074149,5
蓝盒子itbluebox,https://blog.csdn.net/qq_44757034,5
snail-jie,https://blog.csdn.net/weixin_40803011,5
ling宝,https://blog.csdn.net/Liyizhi111,5
冬天来了么,https://blog.csdn.net/m0_55415810,5
Dry drawing ,https://blog.csdn.net/weixin_51596697,5
胜天半月子,https://blog.csdn.net/HG0724,5
叫我小鹏同学,https://blog.csdn.net/daxiandan,5
宇宙超级无敌程序媛,https://blog.csdn.net/xue_xiaofei,5
jungle0702,https://blog.csdn.net/weixin_55992229,5
Yeats_Liao,https://blog.csdn.net/qq_46207024,5
君 莫 笑,https://blog.csdn.net/u011403239,5
keke_俩个科,https://blog.csdn.net/weixin_45906830,5
别团等shy哥发育,https://blog.csdn.net/qq_43753724,5
Better.C,https://blog.csdn.net/python_n,5
万猫学社,https://blog.csdn.net/heihaozi,5
南蓬幽,https://blog.csdn.net/qq_46556714,5
来学习的小张,https://blog.csdn.net/dddddrrrzz,5
三更鬼,https://blog.csdn.net/csdn_muxin,5
莫得情感的码农,https://blog.csdn.net/liuhaiyang98,5
Counter-Strike大牛,https://blog.csdn.net/qq_34972627,5
Fire king,https://blog.csdn.net/m0_48333563,5
love_sal,https://blog.csdn.net/love_sal,5
IT民工金鱼哥,https://blog.csdn.net/qq_41765918,5
独独白,https://blog.csdn.net/Curnane0_0,5
老司机张师傅,https://blog.csdn.net/weixin_43464964,5
HuCheng1997,https://blog.csdn.net/qq_38697437,5
砖业洋__,https://blog.csdn.net/qq_34115899,5
倾情写梦,https://blog.csdn.net/qq_45228323,5
每日小新,https://blog.csdn.net/llAl_lAll,5
reg183,https://blog.csdn.net/chendongpu,5
Bruce-li__,https://blog.csdn.net/qq_44623314,5
月色夜雨,https://blog.csdn.net/qq_47267252,5
凌冰_,https://blog.csdn.net/hlx20080808,5
13Jt,https://blog.csdn.net/AAA0906,5
我是小白呀,https://blog.csdn.net/weixin_46274168,5
土豆块嘎嘣脆,https://blog.csdn.net/m0_62544473,5
相逢不晚何必匆匆,https://blog.csdn.net/ZhangJiWei_2019,5
笔墨桑,https://blog.csdn.net/csdn_mrsongyang,5
河海哥yyds,https://blog.csdn.net/qq_41376740,5
wellnw,https://blog.csdn.net/wgl307293845,5
Roc-xb,https://blog.csdn.net/qq_19309473,5
安然无虞,https://blog.csdn.net/weixin_57544072,5
KnightHONG,https://blog.csdn.net/KnightHONG,5
刘Java,https://blog.csdn.net/weixin_43767015,5
Yuan-Programmer,https://blog.csdn.net/weixin_47971206,5
kong-kong,https://blog.csdn.net/kq1983,5
慕枫技术笔记,https://blog.csdn.net/Diamond_Tao,5
ithewei,https://blog.csdn.net/gg_simida,5
dreamer'~,https://blog.csdn.net/qq_37102984,5
韩师学子--小倪,https://blog.csdn.net/xiao__jia__jia,5
吴梦青,https://blog.csdn.net/weixin_46225406,5
Code_流苏,https://blog.csdn.net/qq_51646682,5
悟世君子,https://blog.csdn.net/wsjzzcbq,5
龙源lll,https://blog.csdn.net/Lzy410992,5
OoZzzy,https://blog.csdn.net/qq_43141726,5
李阿昀,https://blog.csdn.net/yerenyuan_pku,5
Shany－Ming,https://blog.csdn.net/shany_ming,5
dodamce,https://blog.csdn.net/dodamce,5
RzBu11d023r,https://blog.csdn.net/u010180372,5
☆*往事随L*☆,https://blog.csdn.net/m0_47214030,5
葡萄枸杞桂圆干,https://blog.csdn.net/weixin_51352309,5
yangwei_sir,https://blog.csdn.net/yangwei234,5
Moshow郑锴,https://blog.csdn.net/moshowgame,5
=PNZ=BeijingL,https://blog.csdn.net/Beijing_L,5
疯狂行者,https://blog.csdn.net/qintao9961220,5
qq_29235677,https://blog.csdn.net/qq_29235677,5
飘渺Jam,https://blog.csdn.net/jianzhang11,5
挣扎的蓝藻,https://blog.csdn.net/qq_38161040,5
码农爱学习,https://blog.csdn.net/hbsyaaa,5
梦乡回雪,https://blog.csdn.net/weixin_51484780,5
小白LowProfile,https://blog.csdn.net/weixin_46263870,5
HaHa_Sir,https://blog.csdn.net/HaHa_Sir,5
sid10t.,https://blog.csdn.net/weixin_46263782,5
极速小乌龟,https://blog.csdn.net/qq_35771266,5
梁养浩,https://blog.csdn.net/weixin_44317873,5
贵哥的编程之路(喜欢分享),https://blog.csdn.net/qq_37805832,5
鸿儒517,https://blog.csdn.net/weixin_42727069,5
加油当当,https://blog.csdn.net/jiayoudangdang,5
白鹿第一帅,https://blog.csdn.net/qq_22695001,5
哈市雪花,https://blog.csdn.net/baidu_38621657,5
小苗吃不够,https://blog.csdn.net/cheng1a,5
Polaris_T,https://blog.csdn.net/qq_45717425,5
后台研发Marion,https://blog.csdn.net/luomao2012,5
Xm一枚,https://blog.csdn.net/yueyuedog,5
GreyZeng,https://blog.csdn.net/hotonyhui,5
艾醒,https://blog.csdn.net/DuLNode,5
内卷永无止境,https://blog.csdn.net/weixin_46786470,5
活动的笑脸,https://blog.csdn.net/weixin_43215588,5
是Dream呀,https://blog.csdn.net/weixin_51390582,5
StarryTank,https://blog.csdn.net/weixin_55085530,5
大鹏cool,https://blog.csdn.net/zzuhkp,5
洒家肉山大魔王,https://blog.csdn.net/qq_27706119,5
竹      子,https://blog.csdn.net/weixin_43617116,5
wangyong_h,https://blog.csdn.net/u013869554,5
长岛冰茶147,https://blog.csdn.net/weixin_64155184,5
Java4ye,https://blog.csdn.net/weixin_40251892,5
啄木鸟哥哥,https://blog.csdn.net/wangzhichaogege,5
椰子奶糖,https://blog.csdn.net/symuamua,5
杀神lwz,https://blog.csdn.net/weixin_42472027,5
厌水的鱼儿,https://blog.csdn.net/weixin_57849985,5
吾仄lo咚锵,https://blog.csdn.net/qq_45034708,5
凌晨里的无聊人,https://blog.csdn.net/delete_bug,5
吾非同,https://blog.csdn.net/n4mrsmD8Mz,5
NeilNiu,https://blog.csdn.net/qq_30353203,5
BugGuys,https://blog.csdn.net/qq_37419449,5
代码写注释,https://blog.csdn.net/YJG7D314,5
繁星蓝雨,https://blog.csdn.net/qq_33375598,5
多氯环己烷,https://blog.csdn.net/dlhjw1412,5
小枯林,https://blog.csdn.net/csucsgoat,5
一直会努力的波吉,https://blog.csdn.net/goddessccy,5
bjxiaxueliang,https://blog.csdn.net/aiwusheng,5
芝麻粒儿,https://blog.csdn.net/qq_27489007,5
古月日月衣羊,https://blog.csdn.net/qq_43478625,5
Jiangxl~,https://blog.csdn.net/weixin_44953658,5
TyuIn,https://blog.csdn.net/qq_43605444,5
Paranoid☆,https://blog.csdn.net/qq_53144843,5
StarCony,https://blog.csdn.net/m0_64599367,5
IT学习日记,https://blog.csdn.net/qq_40891009,5
隐 风,https://blog.csdn.net/a1774381324,5
Nanchen_42,https://blog.csdn.net/nanchen_J,5
AI 菌,https://blog.csdn.net/wjinjie,5
ludlows ,https://blog.csdn.net/dullclown,5
小蜗牛耶,https://blog.csdn.net/qq_45714272,5
大数据私房菜,https://blog.csdn.net/zuochang_liu,5
花_城,https://blog.csdn.net/qq_39330486,5
想要养只_猫,https://blog.csdn.net/m0_60264772,5
执行x,https://blog.csdn.net/qq_22108657,5
SunAlwaysOnline,https://blog.csdn.net/qq_33591903,5
KookNut39,https://blog.csdn.net/qq_42253797,5
阑珊处的秋月,https://blog.csdn.net/CrayonShinChaner,5
ML.star,https://blog.csdn.net/weixin_46858088,5
坚持是一种态度,https://blog.csdn.net/u010882234,5
隔壁郑同学,https://blog.csdn.net/weixin_44517301,5
彼岸-花已开,https://blog.csdn.net/szw906689771,5
波波烤鸭,https://blog.csdn.net/qq_38526573,5
云丶言,https://blog.csdn.net/weixin_47600880,5
EmineWang,https://blog.csdn.net/a718515028,5
java_wxid,https://blog.csdn.net/java_wxid,5
停在海边看日落,https://blog.csdn.net/weixin_55288991,5
qq_45671732,https://blog.csdn.net/qq_45671732,5
名为七,https://blog.csdn.net/qq_52151772,5
weixin_49553747,https://blog.csdn.net/weixin_49553747,5
Ocean&&Star,https://blog.csdn.net/zhizhengguan,5
士别三日wyx,https://blog.csdn.net/wangyuxiang946,5
蔚说,https://blog.csdn.net/opinion001,5
洋葱爱代码,https://blog.csdn.net/qq_48788523,5
爱划水de鲸鱼哥～,https://blog.csdn.net/m0_47901007,5
Brycen Liu,https://blog.csdn.net/liuyu973971883,5
程序员欣宸,https://blog.csdn.net/boling_cavalry,5
狮头,https://blog.csdn.net/weixin_46216522,5
Dan淡淡的心,https://blog.csdn.net/qq_41054313,5
AkaCoder,https://blog.csdn.net/weixin_48200589,5
大榕树51,https://blog.csdn.net/hnjzfwy,5
小兔子编程,https://blog.csdn.net/frank2102,5
粝爰疫,https://blog.csdn.net/qq2632246528,5
永琪-,https://blog.csdn.net/baidu_33321081,5
CSDN专家-微编程,https://blog.csdn.net/technologist_28,5
在下月亮有何贵干,https://blog.csdn.net/weixin_43877799,5
君子黎,https://blog.csdn.net/lixiaogang_theanswer,5
快乐的威猛先生,https://blog.csdn.net/qq_51604330,5
壹,https://blog.csdn.net/qq_43295093,5
rsh_whu,https://blog.csdn.net/qq_39918677,5
温文艾尔,https://blog.csdn.net/wenwenaier,5
Wonz,https://blog.csdn.net/Wonz5130,5
longyu_wlz,https://blog.csdn.net/Longyu_wlz,5
能这样吃么你说,https://blog.csdn.net/qq_44870115,5
虚神公子,https://blog.csdn.net/m0_52435951,5
CNA少,https://blog.csdn.net/csde12,5
云物互联,https://blog.csdn.net/Jmilk,5
Mr.郑先生_,https://blog.csdn.net/zbp_12138,5
翟天保Steven,https://blog.csdn.net/zhaitianbao,5
程序员云帆哥,https://blog.csdn.net/sinat_27933301,5
孙中明,https://blog.csdn.net/jankin6,5
闲言博客,https://blog.csdn.net/qq_42025798,5
Mr.zwX,https://blog.csdn.net/qq_16763983,5
在下是小白,https://blog.csdn.net/weixin_48557496,5
Dream_飞翔,https://blog.csdn.net/qq_48455576,5
猫巳,https://blog.csdn.net/qq_31635851,5
小天才才,https://blog.csdn.net/qq_44528283,5
小王曾是少年,https://blog.csdn.net/HNU_Csee_wjw,5
长臂人猿,https://blog.csdn.net/qq_37334150,5
笑霸final,https://blog.csdn.net/weixin_52062043,5
吴维炜,https://blog.csdn.net/qq_38209578,5
MYG_G,https://blog.csdn.net/qq_40657321,5
阿Q说代码,https://blog.csdn.net/Qingai521,5
掉发的小王,https://blog.csdn.net/qq_52423918,5
胖太乙,https://blog.csdn.net/IT_rookie_newbie,5
任聪聪,https://blog.csdn.net/hj960511,5
明金同学,https://blog.csdn.net/weixin_44893902,5
通信汪的美好生活,https://blog.csdn.net/qq_45049500,5
c l o u d,https://blog.csdn.net/weixin_41096569,5
gussu-毛虫,https://blog.csdn.net/weixin_46897073,5
BIT_666,https://blog.csdn.net/BIT_666,5
帅次,https://blog.csdn.net/g984160547,5
唐 昊,https://blog.csdn.net/weixin_44763595,5
一顿吃不饱,https://blog.csdn.net/m0_48958478,5
Data-Mining,https://blog.csdn.net/liuzehn,5
愚公搬代码,https://blog.csdn.net/aa2528877987,5
stormzhuo,https://blog.csdn.net/weixin_42768634,5
牧 心,https://blog.csdn.net/Aibiabcheng,5
2021dragon,https://blog.csdn.net/chenlong_cxy,5
热血的小楷,https://blog.csdn.net/weixin_65898924,5
MangoPapa,https://blog.csdn.net/weixin_40357487,5
suoh's Blog,https://blog.csdn.net/qq_41579104,5
愿你走出半生,https://blog.csdn.net/a13407142317,5
石臻臻的杂货铺,https://blog.csdn.net/u010634066,5
林深时不见鹿,https://blog.csdn.net/weixin_45629285,5
主打Python,https://blog.csdn.net/weixin_54733110,5
呆呆敲代码的小Y,https://blog.csdn.net/zhangay1998,5
PigeonEssence,https://blog.csdn.net/m0_56289903,5
zyqok,https://blog.csdn.net/sunnyzyq,5
Daylight629,https://blog.csdn.net/qq_43803285,5
麒思妙想,https://blog.csdn.net/dafei1288,5
刘炫320,https://blog.csdn.net/qq_35082030,5
编程界明世隐,https://blog.csdn.net/dkm123456,5
陈言必行,https://blog.csdn.net/Czhenya,5
坚果技术の博客,https://blog.csdn.net/qq_39132095,5
mikes  zhang,https://blog.csdn.net/wlcs_6305,5
ā⒛跽,https://blog.csdn.net/weixin_48829226,5
前端小马,https://blog.csdn.net/weixin_53072519,5
原来45,https://blog.csdn.net/weixin_62700590,5
心跳包,https://blog.csdn.net/dop102,5
余光、,https://blog.csdn.net/jbj6568839z,5
_End丶断弦,https://blog.csdn.net/weixin_45599288,5
Yunlord,https://blog.csdn.net/kobepaul123,5
1_bit,https://blog.csdn.net/A757291228,5
拈花倾城,https://blog.csdn.net/m0_46363249,5
三岁37,https://blog.csdn.net/weixin_55992809,5
杨丝儿,https://blog.csdn.net/Discover304,5
所得皆惊喜,https://blog.csdn.net/TZ845195485,5
Jack Tian,https://blog.csdn.net/jake_tian,5
愿许浪尽天涯,https://blog.csdn.net/weixin_46902396,5
啊a阿花,https://blog.csdn.net/aaahuahua,5
大数据小禅,https://blog.csdn.net/weixin_45574790,5
不埋雷的探长,https://blog.csdn.net/weixin_32265569,5
柳小葱,https://blog.csdn.net/weixin_48077303,5
森明帮大于黑虎帮,https://blog.csdn.net/qq_44918090,5
java李杨勇,https://blog.csdn.net/weixin_39709134,5
chen.yu,https://blog.csdn.net/u011068702,5
一条coding,https://blog.csdn.net/skylibiao,5
